Date,Category,Likes
2021-09-07,Food,9947
2024-09-25,Health,8748
2023-04-18,Food,9457
2022-04-11,Health,4433
2022-01-13,Travel,9725
2024-12-15,Music,1274
2021-11-14,Travel,7356
2022-01-12,Food,9812
2022-03-24,Health,3647
2022-06-10,Family,5958
2021-11-24,Fashion,9397
2021-04-08,Health,4536
2024-02-18,Health,998
2023-03-25,Culture,6228
2023-08-16,Fashion,4839
2020-10-01,Travel,9521
2020-02-04,Fitness,3557
2021-01-22,Fashion,7463
2024-07-13,Travel,7583
2023-06-02,Music,8779
2024-09-06,Culture,49
2024-09-08,Fashion,8607
2020-11-19,Fitness,640
2020-06-13,Travel,9308
2022-09-17,Music,1262
2023-03-22,Health,4099
2022-12-04,Health,7587
2024-02-05,Fitness,3986
2023-12-07,Health,6846
2024-04-03,Health,9215
2020-10-23,Travel,2585
2024-12-08,Food,2345
2020-09-04,Food,8316
2020-02-18,Travel,8191
2020-11-14,Health,8703
2023-06-03,Health,6523
2021-01-21,Fashion,1445
2024-10-17,Travel,3711
2022-09-09,Travel,2495
2023-08-08,Family,6431
2021-12-26,Travel,7679
2022-08-01,Music,3379
2022-08-24,Travel,5394
2023-01-25,Travel,6087
2020-12-08,Music,6463
2023-04-17,Food,5832
2024-10-20,Fitness,4261
2022-09-04,Culture,8139
2020-06-01,Culture,6881
2021-05-08,Health,4484
2023-10-14,Fashion,5498
2022-04-16,Music,8546
2023-10-10,Family,8469
2024-09-06,Travel,4967
2020-10-23,Music,5716
2024-06-03,Fashion,5298
2022-11-18,Fitness,3676
2021-03-21,Family,646
2021-01-28,Fashion,9826
2021-06-23,Culture,9880
2022-04-02,Travel,6034
2021-12-13,Family,5859
2023-08-02,Fashion,575
2023-03-05,Health,6679
2024-05-21,Health,275
2020-04-08,Travel,181
2020-03-12,Fashion,6341
2020-03-12,Family,2098
2022-12-15,Travel,8653
2024-10-01,Music,8063
2021-03-06,Culture,8901
2023-01-11,Health,5896
2021-08-25,Music,939
2024-02-13,Fitness,9126
2020-05-15,Fashion,6152
2021-11-19,Fashion,1141
2022-05-09,Fitness,9393
2022-11-24,Food,1199
2022-11-20,Music,3135
2021-11-12,Travel,4514
2020-02-26,Health,3142
2023-07-19,Music,2130
2020-08-28,Fashion,1331
2024-12-14,Fitness,8262
2020-06-19,Music,5205
2020-09-04,Food,1711
2024-11-03,Culture,1109
2024-02-19,Health,3954
2023-03-03,Fashion,1275
2024-11-20,Travel,6817
2023-12-07,Fitness,8296
2022-09-27,Travel,8404
2020-10-19,Health,6463
2022-10-12,Fashion,7139
2020-11-23,Culture,8365
2020-04-24,Fashion,6311
2021-08-19,Family,7082
2024-03-13,Health,8474
2023-10-23,Fitness,1464
2023-06-19,Fitness,3397
2022-10-22,Fitness,612
2020-10-06,Music,8263
2024-11-03,Travel,6157
2020-02-17,Family,3626
2020-01-25,Travel,239
2022-02-02,Travel,7104
2024-03-23,Health,6468
2020-07-14,Family,8911
2023-10-19,Travel,8204
2024-11-03,Health,2228
2024-02-19,Family,361
2021-07-21,Music,9928
2020-09-25,Family,2052
2021-11-28,Music,2102
2022-07-26,Travel,4057
2022-08-23,Culture,874
2024-03-23,Health,4756
2020-06-14,Culture,1641
2020-11-02,Fitness,5295
2022-01-06,Health,1252
2024-04-14,Culture,5961
2020-01-24,Health,6474
2024-09-22,Fashion,787
2024-07-25,Family,9442
2023-12-22,Music,5656
2020-11-05,Health,9883
2024-01-09,Travel,9609
2024-08-22,Family,4564
2024-08-25,Travel,3979
2023-04-03,Family,5522
2021-03-18,Food,560
2024-07-10,Food,862
2021-02-18,Family,7742
2023-04-23,Health,7689
2023-10-18,Culture,6986
2021-04-20,Music,6621
2024-06-01,Culture,4864
2020-09-23,Travel,4261
2020-03-17,Fashion,3672
2024-06-26,Culture,2429
2023-08-24,Fitness,6982
2023-04-12,Fitness,9796
2021-09-17,Food,6514
2023-04-27,Health,9846
2023-07-14,Culture,3549
2022-06-23,Food,8661
2020-11-08,Food,9120
2021-11-11,Travel,8556
2022-12-07,Fitness,6687
2020-05-15,Music,4195
2020-11-12,Fitness,2632
2022-12-16,Music,3859
2024-02-17,Music,7948
2021-09-15,Culture,8861
2020-09-01,Travel,8367
2021-12-15,Travel,9337
2024-02-14,Music,801
2020-08-16,Health,3423
2021-08-14,Fitness,9454
2021-01-10,Travel,7673
2021-02-10,Fashion,7089
2023-12-03,Health,1830
2020-08-23,Food,6822
2024-06-05,Music,2277
2024-12-19,Music,6320
2021-04-26,Fitness,5120
2022-06-23,Culture,8704
2021-12-20,Culture,3830
2023-05-25,Food,8787
2024-05-03,Food,3028
2023-09-20,Fitness,6457
2022-05-10,Family,6171
2022-10-25,Culture,4126
2023-01-21,Fitness,3136
2024-09-09,Health,8926
2024-05-19,Fashion,4130
2024-06-28,Fashion,4838
2024-10-23,Family,1500
2020-09-10,Food,3335
2022-11-08,Travel,2978
2022-09-27,Culture,7955
2021-09-28,Fashion,135
2022-03-08,Culture,7129
2022-04-20,Fashion,4393
2022-01-17,Music,5893
2021-05-28,Fitness,5202
2020-10-15,Travel,7957
2023-10-26,Family,1876
2022-07-03,Travel,6464
2022-11-16,Health,6119
2021-10-23,Travel,2361
2024-12-18,Fashion,7631
2021-06-08,Fitness,6654
2023-05-06,Culture,1121
2020-11-23,Culture,6179
2021-11-02,Food,4984
2021-05-22,Culture,3754
2023-06-05,Travel,4635
2024-10-16,Family,5141
2020-01-02,Food,4550
2021-07-06,Food,4559
2021-10-22,Travel,6886
2020-10-04,Fitness,5480
2022-02-06,Food,5569
2021-04-25,Travel,7964
2020-08-26,Fashion,2481
2023-08-21,Travel,5041
2020-05-12,Travel,1227
2023-04-16,Fashion,9412
2023-07-26,Food,2187
2022-05-20,Travel,1756
2024-05-02,Music,3852
2022-09-19,Food,8948
2023-04-08,Travel,229
2022-03-05,Travel,5044
2020-08-25,Fitness,307
2023-05-24,Culture,9993
2020-03-28,Fitness,178
2023-05-06,Music,7887
2021-08-06,Fashion,4376
2022-01-13,Family,4075
2023-10-12,Health,6770
2022-10-07,Family,3212
2024-03-21,Health,7270
2020-03-12,Food,2368
2022-06-19,Family,6539
2020-10-13,Fitness,5888
2024-05-14,Culture,8655
2022-02-26,Culture,5895
2023-06-03,Food,2304
2022-12-08,Food,1333
2020-08-20,Travel,8529
2021-03-08,Culture,6615
2024-01-28,Culture,7281
2022-03-04,Travel,2986
2020-03-27,Food,4377
2023-10-25,Health,6009
2022-09-04,Fashion,207
2021-01-16,Food,8642
2021-07-10,Music,9576
2023-10-26,Family,7992
2020-01-25,Family,8985
2023-10-26,Culture,7984
2020-12-03,Food,8815
2022-09-08,Music,3008
2021-10-23,Music,1369
2023-08-11,Music,7935
2021-01-10,Travel,1975
2023-07-01,Food,7599
2021-08-04,Food,8987
2022-02-12,Music,6781
2021-09-25,Travel,3784
2023-03-14,Fitness,7037
2022-04-13,Family,6588
2024-06-19,Fashion,3616
2020-09-25,Culture,9157
2024-02-23,Food,230
2023-05-06,Food,2482
2023-09-12,Culture,1774
2024-11-08,Culture,708
2021-09-22,Fitness,8987
2024-09-01,Culture,4243
2024-08-23,Food,4422
2024-09-04,Culture,8188
2021-12-14,Fashion,1873
2023-06-12,Fashion,3711
2021-10-01,Culture,7430
2020-02-19,Food,6730
2022-04-19,Fashion,8613
2020-08-05,Culture,9161
2023-07-02,Fashion,563
2022-03-13,Music,4136
2022-06-25,Culture,205
2023-08-26,Fashion,3500
2024-08-07,Culture,7013
2021-05-04,Health,4080
2023-09-03,Travel,7350
2022-04-26,Health,4094
2021-09-06,Music,9264
2020-11-04,Family,9365
2024-03-14,Music,4602
2022-09-03,Fitness,187
2024-02-12,Fashion,5199
2021-09-09,Food,5857
2024-11-17,Health,8389
2020-06-03,Music,3036
2022-11-09,Travel,1470
2021-06-02,Travel,3107
2020-11-09,Fashion,8167
2024-10-11,Family,8812
2022-09-18,Fashion,1245
2020-06-08,Culture,583
2024-02-05,Food,8265
2024-05-24,Health,7609
2023-11-01,Music,3962
2021-06-05,Music,3171
2024-09-14,Fashion,2433
2023-10-28,Fashion,8062
2023-03-05,Fitness,9226
2022-07-27,Food,661
2024-03-09,Culture,3309
2022-05-17,Culture,5932
2022-03-02,Fashion,6200
2022-11-13,Music,9664
2021-11-15,Food,1521
2021-04-26,Fitness,8770
2021-01-02,Family,895
2022-02-06,Health,4692
2020-01-06,Food,6853
2023-09-02,Music,6836
2024-09-13,Fitness,3326
2021-10-24,Food,9735
2023-04-15,Food,6040
2023-11-11,Food,353
2021-07-06,Fashion,838
2021-07-24,Fitness,2281
2021-08-22,Music,7784
2022-07-02,Travel,8593
2024-05-02,Fitness,3303
2022-03-20,Fashion,4904
2023-04-27,Food,8634
2022-06-08,Health,7182
2022-01-22,Family,5731
2024-06-15,Health,9877
2022-02-27,Travel,7605
2021-10-04,Travel,3676
2023-06-13,Travel,7879
2022-04-07,Travel,7487
2024-05-12,Food,2853
2024-04-04,Music,5881
2020-02-18,Fashion,8578
2022-04-05,Fashion,4847
2024-08-16,Fashion,7034
2020-08-22,Health,9823
2020-03-18,Fitness,9909
2023-07-08,Fitness,502
2022-02-08,Travel,5408
2021-02-22,Food,4712
2022-08-09,Family,9748
2020-04-22,Travel,203
2024-08-01,Family,9521
2024-06-05,Travel,1525
2024-12-07,Health,9607
2021-02-01,Fitness,8998
2022-10-27,Culture,4187
2023-04-09,Family,6668
2020-07-18,Fitness,3602
2024-07-05,Family,4728
2024-05-06,Culture,3495
2022-08-25,Music,7735
2020-08-28,Culture,6894
2024-03-27,Fitness,1048
2020-07-04,Travel,7056
2020-10-14,Fashion,491
2020-12-13,Family,8141
2024-04-08,Health,2699
2021-11-25,Fashion,3235
2022-11-06,Fitness,9098
2022-02-26,Culture,8112
2022-08-18,Fitness,3162
2021-11-02,Family,1357
2023-02-26,Family,8977
2021-08-12,Culture,749
2022-07-22,Music,2557
2023-03-28,Health,4877
2024-02-28,Fashion,4353
2021-09-08,Food,5480
2020-06-26,Music,5962
2022-12-20,Fashion,7520
2022-08-28,Food,2907
2022-07-06,Health,8248
2020-02-09,Travel,1581
2022-10-01,Culture,9291
2023-08-09,Family,95
2020-05-16,Fitness,8087
2024-04-03,Fitness,2322
2024-12-09,Culture,8047
2023-10-14,Health,2436
2021-05-07,Food,9075
2022-07-09,Fitness,5288
2020-10-23,Fashion,3459
2021-07-17,Food,5751
2023-02-27,Fashion,4818
2024-08-10,Family,5594
2024-12-19,Music,7693
2022-03-25,Food,13
2023-04-03,Culture,8649
2024-08-25,Fashion,1309
2020-11-08,Culture,3863
2024-08-06,Travel,7538
2022-07-27,Culture,2772
2023-09-27,Culture,2079
2023-07-16,Family,1689
2020-04-27,Culture,2216
2022-01-22,Health,3260
2024-10-14,Culture,4614
2021-11-17,Travel,6550
2023-10-04,Travel,8213
2024-03-22,Culture,5069
2022-07-04,Music,6121
2021-05-19,Food,9855
2021-12-07,Health,8652
2020-02-25,Fashion,7670
2020-11-10,Health,867
2024-02-03,Health,9001
2022-05-06,Culture,4529
2023-05-25,Fashion,7924
2023-01-14,Music,4890
2020-11-06,Food,6726
2024-04-15,Travel,2313
2021-06-20,Fitness,8599
2021-12-10,Culture,391
2021-09-19,Culture,6442
2020-09-18,Fashion,935
2020-10-01,Food,8638
2022-08-22,Travel,404
2020-09-21,Culture,2421
2022-05-17,Culture,3573
2020-04-22,Food,9697
2022-05-09,Health,7457
2023-12-28,Fitness,2628
2021-12-16,Fitness,2148
2024-04-18,Music,8961
2022-11-16,Culture,9654
2020-10-01,Travel,4966
2022-02-23,Food,4254
2021-04-20,Fitness,8012
2024-02-28,Food,3946
2020-06-16,Travel,212
2020-08-24,Travel,2253
2024-07-20,Food,1540
2022-08-16,Family,4434
2024-04-24,Music,1338
2020-05-14,Culture,7360
2024-05-06,Food,7526
2024-08-20,Travel,7745
2021-04-02,Music,519
2022-01-01,Fitness,8160
2024-11-01,Family,7665
2020-12-26,Fashion,9449
2022-12-24,Fitness,3264
2021-09-04,Travel,4542
2023-05-19,Travel,3664
2020-08-05,Music,9455
2024-11-22,Culture,6460
2023-05-02,Culture,9288
2023-07-21,Food,1936
2022-03-02,Food,4619
2022-12-07,Travel,3966
2021-10-23,Fashion,8011
2021-07-20,Fitness,5188
2024-01-04,Travel,7563
2022-03-09,Family,3050
2021-04-23,Family,1391
2023-03-05,Family,9840
2024-09-21,Family,3265
2022-07-23,Family,1212
2023-08-26,Travel,1013
2020-09-03,Culture,7737
2020-02-11,Music,9573
2020-04-17,Music,8201
2024-05-09,Travel,3933
2023-12-02,Fitness,2694
2020-03-18,Fashion,3885
2021-12-03,Culture,2082
2020-09-26,Travel,2755
2023-10-26,Food,3736
2022-01-17,Fashion,6304
2024-05-23,Travel,9030
2021-02-28,Music,2141
2022-06-22,Fashion,1115
2023-10-02,Culture,8794
2021-10-27,Food,2677
2023-04-05,Health,4846
2022-05-05,Fashion,4177
2024-09-23,Fitness,2128
2020-06-18,Health,7713
2024-07-20,Music,8117
2020-06-18,Food,9013
2023-01-19,Fashion,5757
2020-02-23,Music,4148
2023-06-24,Music,95
2021-10-17,Music,5068
2024-05-12,Travel,7561
2022-02-20,Family,931
2023-02-19,Fitness,6990
2024-09-27,Health,4948
2020-07-05,Culture,8433
2023-06-13,Food,982
2022-12-09,Family,3852
2023-03-17,Family,8802
2023-07-12,Music,4848
2024-03-17,Fitness,5000
2023-06-12,Culture,2769
2021-03-25,Travel,8397
2022-03-16,Food,2257
2020-09-13,Music,4871
2022-10-01,Music,9905
2020-05-21,Fitness,5174
2024-11-18,Health,7022
